Workbook

Sheet Summary
A1: Reinsurance Portfolio MI - Asia Pacific
A2: Valuation date 30-Sep-2026 | USD millions unless stated | all figures are live formulas over Treaty_Data
A4: Admin expense ratio (assumption) | B4: 0.05 | C4: Input: edit to flex the combined ratio. Source: ref_assumptions table.
A6: Gross premium | B6: Ceded | C6: Earned | D6: Incurred | E6: Loss ratio | F6: Combined ratio | G6: Exposure | H6: Treaties | I6: Claims | K6: Data health
A7: =SUM(Treaty_Data!$I$2:$I$149)/1000000 | B7: =SUM(Treaty_Data!$J$2:$J$149)/1000000 | C7: =SUM(Treaty_Data!$K$2:$K$149)/1000000 | D7: =SUM(Treaty_Data!$O$2:$O$149)/1000000 | E7: =IFERROR(D7/C7,0) | F7: =IFERROR(E7+SUM(Treaty_Data!$L$2:$L$149)/1000000/C7+B4,0) | G7: =SUM(Treaty_Data!$P$2:$P$149)/1000000 | H7: =COUNTA(Treaty_Data!$A$2:$A$149) | I7: =SUM(Treaty_Data!$M$2:$M$149) | K7: =COUNTIF(DQ_Log!G2:G29,"PASS")&" of "&COUNTA(DQ_Log!G2:G29)&" checks passed"
A10: Line of business | B10: GWP | C10: Earned | D10: Incurred | E10: Loss ratio | F10: Commission ratio | G10: Combined ratio | H10: Treaties
A11: Casualty | B11: =SUMIFS(Treaty_Data!$I$2:$I$149,Treaty_Data!$C$2:$C$149,$A11)/1000000 | C11: =SUMIFS(Treaty_Data!$K$2:$K$149,Treaty_Data!$C$2:$C$149,$A11)/1000000 | D11: =SUMIFS(Treaty_Data!$O$2:$O$149,Treaty_Data!$C$2:$C$149,$A11)/1000000 | E11: =IFERROR(D11/C11,0) | F11: =IFERROR(SUMIFS(Treaty_Data!$L$2:$L$149,Treaty_Data!$C$2:$C$149,$A11)/1000000/C11,0) | G11: =E11+F11+$B$4 | H11: =COUNTIF(Treaty_Data!$C$2:$C$149,$A11)
A12: Financial Lines | B12: =SUMIFS(Treaty_Data!$I$2:$I$149,Treaty_Data!$C$2:$C$149,$A12)/1000000 | C12: =SUMIFS(Treaty_Data!$K$2:$K$149,Treaty_Data!$C$2:$C$149,$A12)/1000000 | D12: =SUMIFS(Treaty_Data!$O$2:$O$149,Treaty_Data!$C$2:$C$149,$A12)/1000000 | E12: =IFERROR(D12/C12,0) | F12: =IFERROR(SUMIFS(Treaty_Data!$L$2:$L$149,Treaty_Data!$C$2:$C$149,$A12)/1000000/C12,0) | G12: =E12+F12+$B$4 | H12: =COUNTIF(Treaty_Data!$C$2:$C$149,$A12)
A13: Professional | B13: =SUMIFS(Treaty_Data!$I$2:$I$149,Treaty_Data!$C$2:$C$149,$A13)/1000000 | C13: =SUMIFS(Treaty_Data!$K$2:$K$149,Treaty_Data!$C$2:$C$149,$A13)/1000000 | D13: =SUMIFS(Treaty_Data!$O$2:$O$149,Treaty_Data!$C$2:$C$149,$A13)/1000000 | E13: =IFERROR(D13/C13,0) | F13: =IFERROR(SUMIFS(Treaty_Data!$L$2:$L$149,Treaty_Data!$C$2:$C$149,$A13)/1000000/C13,0) | G13: =E13+F13+$B$4 | H13: =COUNTIF(Treaty_Data!$C$2:$C$149,$A13)
A14: Property | B14: =SUMIFS(Treaty_Data!$I$2:$I$149,Treaty_Data!$C$2:$C$149,$A14)/1000000 | C14: =SUMIFS(Treaty_Data!$K$2:$K$149,Treaty_Data!$C$2:$C$149,$A14)/1000000 | D14: =SUMIFS(Treaty_Data!$O$2:$O$149,Treaty_Data!$C$2:$C$149,$A14)/1000000 | E14: =IFERROR(D14/C14,0) | F14: =IFERROR(SUMIFS(Treaty_Data!$L$2:$L$149,Treaty_Data!$C$2:$C$149,$A14)/1000000/C14,0) | G14: =E14+F14+$B$4 | H14: =COUNTIF(Treaty_Data!$C$2:$C$149,$A14)
A15: Specialty | B15: =SUMIFS(Treaty_Data!$I$2:$I$149,Treaty_Data!$C$2:$C$149,$A15)/1000000 | C15: =SUMIFS(Treaty_Data!$K$2:$K$149,Treaty_Data!$C$2:$C$149,$A15)/1000000 | D15: =SUMIFS(Treaty_Data!$O$2:$O$149,Treaty_Data!$C$2:$C$149,$A15)/1000000 | E15: =IFERROR(D15/C15,0) | F15: =IFERROR(SUMIFS(Treaty_Data!$L$2:$L$149,Treaty_Data!$C$2:$C$149,$A15)/1000000/C15,0) | G15: =E15+F15+$B$4 | H15: =COUNTIF(Treaty_Data!$C$2:$C$149,$A15)
A16: Unmapped | B16: =SUMIFS(Treaty_Data!$I$2:$I$149,Treaty_Data!$C$2:$C$149,$A16)/1000000 | C16: =SUMIFS(Treaty_Data!$K$2:$K$149,Treaty_Data!$C$2:$C$149,$A16)/1000000 | D16: =SUMIFS(Treaty_Data!$O$2:$O$149,Treaty_Data!$C$2:$C$149,$A16)/1000000 | E16: =IFERROR(D16/C16,0) | F16: =IFERROR(SUMIFS(Treaty_Data!$L$2:$L$149,Treaty_Data!$C$2:$C$149,$A16)/1000000/C16,0) | G16: =E16+F16+$B$4 | H16: =COUNTIF(Treaty_Data!$C$2:$C$149,$A16)
A19: Region | B19: GWP | C19: Earned | D19: Incurred | E19: Loss ratio | F19: Commission ratio | G19: Combined ratio | H19: Treaties
A20: Asia Pacific | B20: =SUMIFS(Treaty_Data!$I$2:$I$149,Treaty_Data!$D$2:$D$149,$A20)/1000000 | C20: =SUMIFS(Treaty_Data!$K$2:$K$149,Treaty_Data!$D$2:$D$149,$A20)/1000000 | D20: =SUMIFS(Treaty_Data!$O$2:$O$149,Treaty_Data!$D$2:$D$149,$A20)/1000000 | E20: =IFERROR(D20/C20,0) | F20: =IFERROR(SUMIFS(Treaty_Data!$L$2:$L$149,Treaty_Data!$D$2:$D$149,$A20)/1000000/C20,0) | G20: =E20+F20+$B$4 | H20: =COUNTIF(Treaty_Data!$D$2:$D$149,$A20)
A23: Underwriting year | B23: GWP | C23: Earned | D23: Incurred | E23: Loss ratio | F23: Commission ratio | G23: Combined ratio | H23: Treaties
A24: 2021 | B24: =SUMIFS(Treaty_Data!$I$2:$I$149,Treaty_Data!$G$2:$G$149,$A24)/1000000 | C24: =SUMIFS(Treaty_Data!$K$2:$K$149,Treaty_Data!$G$2:$G$149,$A24)/1000000 | D24: =SUMIFS(Treaty_Data!$O$2:$O$149,Treaty_Data!$G$2:$G$149,$A24)/1000000 | E24: =IFERROR(D24/C24,0) | F24: =IFERROR(SUMIFS(Treaty_Data!$L$2:$L$149,Treaty_Data!$G$2:$G$149,$A24)/1000000/C24,0) | G24: =E24+F24+$B$4 | H24: =COUNTIF(Treaty_Data!$G$2:$G$149,$A24)
A25: 2022 | B25: =SUMIFS(Treaty_Data!$I$2:$I$149,Treaty_Data!$G$2:$G$149,$A25)/1000000 | C25: =SUMIFS(Treaty_Data!$K$2:$K$149,Treaty_Data!$G$2:$G$149,$A25)/1000000 | D25: =SUMIFS(Treaty_Data!$O$2:$O$149,Treaty_Data!$G$2:$G$149,$A25)/1000000 | E25: =IFERROR(D25/C25,0) | F25: =IFERROR(SUMIFS(Treaty_Data!$L$2:$L$149,Treaty_Data!$G$2:$G$149,$A25)/1000000/C25,0) | G25: =E25+F25+$B$4 | H25: =COUNTIF(Treaty_Data!$G$2:$G$149,$A25)
A26: 2023 | B26: =SUMIFS(Treaty_Data!$I$2:$I$149,Treaty_Data!$G$2:$G$149,$A26)/1000000 | C26: =SUMIFS(Treaty_Data!$K$2:$K$149,Treaty_Data!$G$2:$G$149,$A26)/1000000 | D26: =SUMIFS(Treaty_Data!$O$2:$O$149,Treaty_Data!$G$2:$G$149,$A26)/1000000 | E26: =IFERROR(D26/C26,0) | F26: =IFERROR(SUMIFS(Treaty_Data!$L$2:$L$149,Treaty_Data!$G$2:$G$149,$A26)/1000000/C26,0) | G26: =E26+F26+$B$4 | H26: =COUNTIF(Treaty_Data!$G$2:$G$149,$A26)
A27: 2024 | B27: =SUMIFS(Treaty_Data!$I$2:$I$149,Treaty_Data!$G$2:$G$149,$A27)/1000000 | C27: =SUMIFS(Treaty_Data!$K$2:$K$149,Treaty_Data!$G$2:$G$149,$A27)/1000000 | D27: =SUMIFS(Treaty_Data!$O$2:$O$149,Treaty_Data!$G$2:$G$149,$A27)/1000000 | E27: =IFERROR(D27/C27,0) | F27: =IFERROR(SUMIFS(Treaty_Data!$L$2:$L$149,Treaty_Data!$G$2:$G$149,$A27)/1000000/C27,0) | G27: =E27+F27+$B$4 | H27: =COUNTIF(Treaty_Data!$G$2:$G$149,$A27)
A28: 2025 | B28: =SUMIFS(Treaty_Data!$I$2:$I$149,Treaty_Data!$G$2:$G$149,$A28)/1000000 | C28: =SUMIFS(Treaty_Data!$K$2:$K$149,Treaty_Data!$G$2:$G$149,$A28)/1000000 | D28: =SUMIFS(Treaty_Data!$O$2:$O$149,Treaty_Data!$G$2:$G$149,$A28)/1000000 | E28: =IFERROR(D28/C28,0) | F28: =IFERROR(SUMIFS(Treaty_Data!$L$2:$L$149,Treaty_Data!$G$2:$G$149,$A28)/1000000/C28,0) | G28: =E28+F28+$B$4 | H28: =COUNTIF(Treaty_Data!$G$2:$G$149,$A28)
A29: 2026 | B29: =SUMIFS(Treaty_Data!$I$2:$I$149,Treaty_Data!$G$2:$G$149,$A29)/1000000 | C29: =SUMIFS(Treaty_Data!$K$2:$K$149,Treaty_Data!$G$2:$G$149,$A29)/1000000 | D29: =SUMIFS(Treaty_Data!$O$2:$O$149,Treaty_Data!$G$2:$G$149,$A29)/1000000 | E29: =IFERROR(D29/C29,0) | F29: =IFERROR(SUMIFS(Treaty_Data!$L$2:$L$149,Treaty_Data!$G$2:$G$149,$A29)/1000000/C29,0) | G29: =E29+F29+$B$4 | H29: =COUNTIF(Treaty_Data!$G$2:$G$149,$A29)

Sheet Treaty_Data
A1: treaty_id | B1: cedant_name | C1: lob_name | D1: region_name | E1: underwriter_name | F1: treaty_type | G1: underwriting_year | H1: limit_usd | I1: gwp | J1: ceded | K1: earned | L1: earned_commission | M1: claim_count | N1: paid | O1: incurred | P1: exposure | Q1: risk_band | R1: loss_ratio
A2: T0004 | B2: Northwind General | C2: Property | D2: Asia Pacific | E2: Omar Haddad | F2: Proportional | G2: 2026 | H2: 22900000 | I2: 1032836.4 | J2: 99769.858 | K2: 968898.89 | L2: 240665.61 | M2: 5 | N2: 137988.1 | O2: 300765.65 | P2: 4580000 | Q2: Low | R2: =IFERROR(O2/K2,0)
A3: T0010 | B3: Granite Assurance | C3: Property | D3: Asia Pacific | E3: Priya Nair | F3: Excess of Loss | G3: 2023 | H3: 16200000 | I3: 1858151.3 | J3: 97597.92 | K3: 1858151.3 | L3: 169428.96 | M3: 15 | N3: 490576.76 | O3: 545775.98 | P3: 16200000 | Q3: Low | R3: =IFERROR(O3/K3,0)
A4: T0015 | B4: Granite General | C4: Property | D4: Asia Pacific | E4: Kenji Sato | F4: Proportional | G4: 2024 | H4: 34300000 | I4: 2470818.2 | J4: 201068.28 | K4: 2470818.2 | L4: 680949.96 | M4: 9 | N4: 1972769.8 | O4: 2008666 | P4: 6860000 | Q4: Low | R4: =IFERROR(O4/K4,0)
A5: T0022 | B5: Northwind Mutual | C5: Professional | D5: Asia Pacific | E5: Omar Haddad | F5: Facultative | G5: 2024 | H5: 15000000 | I5: 1719241.1 | J5: 197247.02 | K5: 1719241.1 | L5: 265177.41 | M5: 4 | N5: 1398201.8 | O5: 1464519.8 | P5: 15000000 | Q5: Low | R5: =IFERROR(O5/K5,0)
A6: T0023 | B6: Sterling Insurance | C6: Property | D6: Asia Pacific | E6: Aarav Mehta | F6: Excess of Loss | G6: 2023 | H6: 6600000 | I6: 581182.99 | J6: 31051.13 | K6: 581182.99 | L6: 59141.3 | M6: 10 | N6: 424860.13 | O6: 430495.06 | P6: 6600000 | Q6: Low | R6: =IFERROR(O6/K6,0)
A7: T0031 | B7: Northwind General | C7: Casualty | D7: Asia Pacific | E7: Priya Nair | F7: Proportional | G7: 2023 | H7: 6300000 | I7: 1136747 | J7: 89987.933 | K7: 1136747 | L7: 329450.85 | M7: 14 | N7: 522756 | O7: 595718.78 | P7: 1890000 | Q7: Low | R7: =IFERROR(O7/K7,0)
A8: T0032 | B8: Granite General | C8: Property | D8: Asia Pacific | E8: Aarav Mehta | F8: Excess of Loss | G8: 2025 | H8: 9400000 | I8: 1170447 | J8: 84944.4 | K8: 1170447 | L8: 127443.24 | M8: 11 | N8: 1087091.1 | O8: 1301914 | P8: 9400000 | Q8: Low | R8: =IFERROR(O8/K8,0)
A9: T0038 | B9: Granite Insurance | C9: Property | D9: Asia Pacific | E9: Omar Haddad | F9: Excess of Loss | G9: 2025 | H9: 8800000 | I9: 1178208.8 | J9: 127879.44 | K9: 1178208.8 | L9: 83220.24 | M9: 5 | N9: 355376.77 | O9: 613801.25 | P9: 8800000 | Q9: Low | R9: =IFERROR(O9/K9,0)
A10: T0039 | B10: Granite General | C10: Specialty | D10: Asia Pacific | E10: Kenji Sato | F10: Excess of Loss | G10: 2022 | H10: 14400000 | I10: 1447081.1 | J10: 149178.96 | K10: 1447081.1 | L10: 145871.4 | M10: 9 | N10: 679322.18 | O10: 679322.18 | P10: 14400000 | Q10: Low | R10: =IFERROR(O10/K10,0)
A11: T0051 | B11: Summit Indemnity | C11: Property | D11: Asia Pacific | E11: James Whitfield | F11: Excess of Loss | G11: 2026 | H11: 18300000 | I11: 1593514.4 | J11: 162399.87 | K11: 1587612.4 | L11: 189246.97 | M11: 3 | N11: 851644.64 | O11: 946048.66 | P11: 18300000 | Q11: Low | R11: =IFERROR(O11/K11,0)
A12: T0059 | B12: Orion Insurance | C12: Specialty | D12: Asia Pacific | E12: Kenji Sato | F12: Excess of Loss | G12: 2023 | H12: 21900000 | I12: 2776799.8 | J12: 316241.52 | K12: 2776799.8 | L12: 261724.92 | M12: 10 | N12: 1412002.1 | O12: 1412002.1 | P12: 21900000 | Q12: Low | R12: =IFERROR(O12/K12,0)
A13: T0061 | B13: Granite Insurance | C13: Casualty | D13: Asia Pacific | E13: Sophie Laurent | F13: Excess of Loss | G13: 2022 | H13: 6200000 | I13: 949776.84 | J13: 98970.12 | K13: 949776.84 | L13: 100510.8 | M13: 17 | N13: 912128.14 | O13: 994874.19 | P13: 6200000 | Q13: Low | R13: =IFERROR(O13/K13,0)
... A149: T0691 | B149: Granite General | C149: Professional | D149: Asia Pacific | E149: Carlos Ibarra | F149: Excess of Loss | G149: 2026 | H149: 18500000 | I149: 332766.42 | J149: 35097.9 | K149: 295792.37 | L149: 34435.893 | M149: 1 | N149: 33389.3 | O149: 146455.4 | P149: 18500000 | Q149: Low | R149: =IFERROR(O149/K149,0)

Sheet Monthly_Trend
A1: year_month | B1: gwp | C1: earned | D1: claims | E1: incurred | F1: gwp_mom_growth | G1: incurred_rolling_3m
A2: 2021-01 | B2: 773201.31 | C2: 773201.31 | D2: 1 | E2: 396720.85 | G2: =AVERAGE(E2:E2)
A3: 2021-02 | B3: 802617.48 | C3: 802617.48 | D3: 2 | E3: 383244.08 | F3: =IFERROR(B3/B2-1,"") | G3: =AVERAGE(E2:E3)
A4: 2021-03 | B4: 802617.48 | C4: 802617.48 | D4: 3 | E4: 208116.44 | F4: =IFERROR(B4/B3-1,"") | G4: =AVERAGE(E2:E4)
A5: 2021-04 | B5: 1176997.8 | C5: 1176997.8 | D5: 6 | E5: 1083196.4 | F5: =IFERROR(B5/B4-1,"") | G5: =AVERAGE(E3:E5)
A6: 2021-05 | B6: 1555086 | C6: 1555086 | D6: 9 | E6: 2012774.1 | F6: =IFERROR(B6/B5-1,"") | G6: =AVERAGE(E4:E6)
A7: 2021-06 | B7: 1555086 | C7: 1555086 | D7: 4 | E7: 327739.03 | F7: =IFERROR(B7/B6-1,"") | G7: =AVERAGE(E5:E7)
A8: 2021-07 | B8: 2460940.1 | C8: 2460940.1 | D8: 6 | E8: 809781.32 | F8: =IFERROR(B8/B7-1,"") | G8: =AVERAGE(E6:E8)
A9: 2021-08 | B9: 2673232.8 | C9: 2673232.8 | D9: 6 | E9: 569265.1 | F9: =IFERROR(B9/B8-1,"") | G9: =AVERAGE(E7:E9)
A10: 2021-09 | B10: 2673232.8 | C10: 2673232.8 | D10: 10 | E10: 1324834.6 | F10: =IFERROR(B10/B9-1,"") | G10: =AVERAGE(E8:E10)
A11: 2021-10 | B11: 2778199 | C11: 2778199 | D11: 7 | E11: 798310.95 | F11: =IFERROR(B11/B10-1,"") | G11: =AVERAGE(E9:E11)
A12: 2021-11 | B12: 2778199 | C12: 2778199 | D12: 11 | E12: 3156319.5 | F12: =IFERROR(B12/B11-1,"") | G12: =AVERAGE(E10:E12)
A13: 2021-12 | B13: 2778199 | C13: 2778199 | D13: 8 | E13: 1205332.5 | F13: =IFERROR(B13/B12-1,"") | G13: =AVERAGE(E11:E13)
A14: 2022-01 | B14: 2076878.6 | C14: 2076878.6 | D14: 6 | E14: 2330573.4 | F14: =IFERROR(B14/B13-1,"") | G14: =AVERAGE(E12:E14)
A15: 2022-02 | B15: 2047462.5 | C15: 2047462.5 | D15: 3 | E15: 236746.17 | F15: =IFERROR(B15/B14-1,"") | G15: =AVERAGE(E13:E15)
... A70: 2026-09 | B70: 3009109.5 | C70: 1451035.4 | D70: 16 | E70: 1389147.5 | F70: =IFERROR(B70/B69-1,"") | G70: =AVERAGE(E68:E70)

Sheet Large_Losses
A1: claim_id | B1: treaty_id | C1: cedant_name | D1: lob_name | E1: region_name | F1: loss_date | G1: claim_type | H1: status | I1: paid_amount | J1: case_reserve | K1: incurred_amount | L1: exceeds_limit
A2: CL003762 | B2: T0157 | C2: Orion Insurance | D2: Specialty | E2: Asia Pacific | F2: 2025-03-18 | G2: Aviation | H2: Open | I2: 960424.37 | J2: 3841697.5 | K2: 4802121.9 | L2: 1
A3: CL005163 | B3: T0378 | C3: Vantage Mutual | D3: Professional | E3: Asia Pacific | F3: 2026-01-29 | G3: Professional Indemnity | H3: Open | I3: 561114.98 | J3: 2244459.9 | K3: 2805574.9 | L3: 1
A4: CL000451 | B4: T0453 | C4: Summit Indemnity | D4: Unmapped | E4: Asia Pacific | F4: 2022-03-05 | G4: Professional Indemnity | H4: Settled | I4: 2263937.6 | J4: 0 | K4: 2263937.6 | L4: 0
A5: CL000444 | B5: T0453 | C5: Summit Indemnity | D5: Unmapped | E5: Asia Pacific | F5: 2021-11-18 | G5: Medical Malpractice | H5: Settled | I5: 1817642.4 | J5: 0 | K5: 1817642.4 | L5: 0
A6: CL004647 | B6: T0529 | C6: Orion Insurance | D6: Specialty | E6: Asia Pacific | F6: 2025-11-13 | G6: Energy | H6: Open | I6: 846820.11 | J6: 922033.13 | K6: 1768853.2 | L6: 0
A7: CL000424 | B7: T0453 | C7: Summit Indemnity | D7: Unmapped | E7: Asia Pacific | F7: 2022-01-16 | G7: Professional Indemnity | H7: Settled | I7: 1717094.3 | J7: 0 | K7: 1717094.3 | L7: 0
A8: CL001287 | B8: T0357 | C8: Northwind General | D8: Specialty | E8: Asia Pacific | F8: 2023-01-29 | G8: Aviation | H8: Settled | I8: 1480654.1 | J8: 0 | K8: 1480654.1 | L8: 0
A9: CL005388 | B9: T0488 | C9: Granite Insurance | D9: Property | E9: Asia Pacific | F9: 2026-04-20 | G9: Natural Catastrophe | H9: Open | I9: 197822.47 | J9: 1277724.7 | K9: 1475547.1 | L9: 0
A10: CL002735 | B10: T0067 | C10: Sterling Insurance | D10: Property | E10: Asia Pacific | F10: 2024-04-26 | G10: Fire & Explosion | H10: Open | I10: 157251.81 | J10: 1256261.9 | K10: 1413513.7 | L10: 0
A11: CL002940 | B11: T0475 | C11: Atlas General | D11: Casualty | E11: Asia Pacific | F11: 2024-07-20 | G11: Workers Compensation | H11: Settled | I11: 1326680.2 | J11: 0 | K11: 1326680.2 | L11: 0
A12: CL000076 | B12: T0230 | C12: Atlas General | D12: Specialty | E12: Asia Pacific | F12: 2021-05-26 | G12: Marine Hull | H12: Settled | I12: 1226723.9 | J12: 0 | K12: 1226723.9 | L12: 0
A13: CL005631 | B13: T0529 | C13: Orion Insurance | D13: Specialty | E13: Asia Pacific | F13: 2026-06-23 | G13: Marine Hull | H13: Open | I13: 536395.84 | J13: 668710.01 | K13: 1205105.9 | L13: 0
... A26: CL005752 | B26: T0488 | C26: Granite Insurance | D26: Property | E26: Asia Pacific | F26: 2026-08-06 | G26: Business Interruption | H26: Open | I26: 14902.71 | J26: 740068.29 | K26: 754971 | L26: 0

Sheet Watchlist
A1: treaty_id | B1: cedant_name | C1: lob_name | D1: region_name | E1: underwriter_name | F1: limit_usd | G1: incurred | H1: limit_utilisation
A2: T0157 | B2: Orion Insurance | C2: Specialty | D2: Asia Pacific | E2: Kenji Sato | F2: 3800000 | G2: 5577575.1 | H2: 1.4677829
A3: T0378 | B3: Vantage Mutual | C3: Professional | D3: Asia Pacific | E3: Sophie Laurent | F3: 2300000 | G3: 3044036.5 | H3: 1.3234941

Sheet DQ_Log
A1: check_id | B1: check_name | C1: category | D1: severity | E1: records_tested | F1: records_failed | G1: status | H1: action_taken
A2: C01 | B2: Treaty has blank region | C2: Completeness | D2: Medium | E2: 703 | F2: 20 | G2: FAIL | H2: Mapped to Unassigned
A3: C02 | B3: Treaty has blank underwriter | C3: Completeness | D3: Low | E3: 703 | F3: 15 | G3: FAIL | H3: Mapped to Unassigned
A4: C03 | B4: Treaty has blank currency | C4: Completeness | D4: High | E4: 703 | F4: 0 | G4: PASS | H4: None required
A5: C04 | B5: Premium transaction has null gross premium | C5: Completeness | D5: High | E5: 8058 | F5: 0 | G5: PASS | H5: None required
A6: K01 | B6: Incurred does not equal paid + case reserve | C6: Consistency | D6: Medium | E6: 6018 | F6: 30 | G6: FAIL | H6: Corrected
A7: K02 | B7: System C premium differs from System A annual estimate (>2%) | C7: Consistency | D7: Medium | E7: 587 | F7: 10 | G7: FAIL | H7: Flagged
A8: K03 | B8: Earned premium exceeds gross premium | C8: Consistency | D8: Medium | E8: 8058 | F8: 0 | G8: PASS | H8: None required
A9: K04 | B9: Ceded premium exceeds gross premium | C9: Consistency | D9: Medium | E9: 8058 | F9: 0 | G9: PASS | H9: None required
A10: R01 | B10: Claim references a treaty that does not exist | C10: Referential integrity | D10: High | E10: 6018 | F10: 25 | G10: FAIL | H10: Quarantined
A11: R02 | B11: Premium transaction references an unknown treaty | C11: Referential integrity | D11: High | E11: 8058 | F11: 6 | G11: FAIL | H11: Quarantined
A12: R03 | B12: Exposure record references an unknown treaty | C12: Referential integrity | D12: Medium | E12: 700 | F12: 0 | G12: PASS | H12: None required
A13: R04 | B13: Treaty incepted but has no premium booked | C13: Referential integrity | D13: Low | E13: 703 | F13: 0 | G13: PASS | H13: None required
... A29: Z02 | B29: Paid + reserve: source = core + quarantined (USD) | C29: Reconciliation | D29: High | E29: 1 | F29: 0 | G29: PASS | H29: None required

Sheet Notes
A1: Definitions
A2: Gross written premium (GWP): premium booked from cedants, converted to USD at valuation-date FX.
A3: Earned premium: portion of GWP for risk exposure elapsed to the valuation date (pro-rata by month).
A4: Ceded premium: premium passed on to retrocessionaires.
A5: Incurred = paid + case reserve (no IBNR in this dataset).
A6: Loss ratio = incurred / earned premium. Combined ratio = loss ratio + earned commission ratio + admin expense assumption.
A7: Underwriting year = year the treaty incepted. Recent years are immature: open claims still develop.
A8: Quarantined source records (see DQ_Log) are excluded. Unmapped line-of-business codes appear as 'Unmapped'.
A9: Source: SQLite warehouse built by python/pipeline.py; views in sql/04_mi_views.sql.
